-4859.05124323149,1359.6434603891512
-4422.308681791234,-912.5163442505227
-3041.612221436175,-3152.787349981986
-3041.612221436175,-3152.787349981986
-3426.9003703329035,-3497.488148763512
-4660.379225225895,-996.708234310423
-3229.795373529596,-3321.145484436518
1999.999774092892,-5612.960243885393
1999.999774092892,-5612.960243885393
-4859.05124323149,1359.6434603891512
-4422.308681791234,-912.5163442505227
-3041.612221436175,-3152.787349981986
-3041.612221436175,-3152.787349981986
-4660.379225225895,-996.708234310423
-3229.795373529596,-3321.145484436518
1999.999774092892,-5612.960243885393
1999.999774092892,-5612.960243885393
-4282.917404650335,3582.487781652119
-4617.560465623033,1359.6434603891535
-2861.6510615612997,-2991.7875539709503
-4194.63985723791,-832.0041838530046
-4194.63985723791,-832.0041838530046
-2861.6510615612997,-2991.7875539709503
-4660.379225225895,-996.708234310423
-3229.795373529596,-3321.145484436518
1999.999774092892,-5612.960243885393
1999.999774092892,-5612.960243885393
-3232.896462339443,4337.888576468056
-3806.077004146219,2813.882331084874
-3232.896462339443,4337.888576468056
-3232.896462339443,4337.888576468056
-2026.6656334476124,5884.379184608066
-3856.7983154052836,-2072.7016959372345
-2441.076517442625,-3729.0652397638587
-3856.7983154052836,-2072.7016959372345
-3856.7983154052836,-2072.7016959372345
-4594.466945034188,-391.901061456025
-4857.933312113377,1312.824675524229
-3856.7983154052836,-2072.7016959372345
-2441.076517442625,-3729.0652397638587
-3856.7983154052836,-2072.7016959372345
-3856.7983154052836,-2072.7016959372345
-4594.466945034188,-391.901061456025
-4857.933312113377,1312.824675524229
-4360.615599911588,-331.495472161969
-3647.6660046281686,-1951.908917476785
-4360.615599911588,-331.495472161969
-4360.615599911588,-331.495472161969
-4616.401731477301,1312.824675524228
-4451.339105019589,2980.550649735936
-3232.896462339443,4337.888576468056
-3806.077004146219,2813.882331084874
-3232.896462339443,4337.888576468056
-3232.896462339443,4337.888576468056
-2026.6656334476124,5884.379184608066
-4012.4885973840082,2867.1958189822526
-4163.1330457018885,1312.8246755242292
-4012.4885973840082,2867.1958189822526
-4012.4885973840082,2867.1958189822526
-3417.487179500279,4444.499312457954
-2167.612364042975,6044.254694027543
-4385.056361282775,1312.8246755242255
-4136.626424613002,-273.6390454632224
-4385.056361282775,1312.8246755242255
-4385.056361282775,1312.8246755242255
-4227.3526065726255,2922.6942230371837
-3609.6368959346473,4555.479215216321
-3232.896462339443,4337.888576468056
-3806.077004146219,2813.882331084874
-3232.896462339443,4337.888576468056
-3232.896462339443,4337.888576468056
-2026.6656334476124,5884.379184608066
-3232.896462339443,4337.888576468056
-3806.077004146219,2813.882331084874
-3232.896462339443,4337.888576468056
-3232.896462339443,4337.888576468056
-2026.6656334476124,5884.379184608066
-3856.7983154052836,-2072.7016959372345
-2441.076517442625,-3729.0652397638587
-3856.7983154052836,-2072.7016959372345
-3856.7983154052836,-2072.7016959372345
-4594.466945034188,-391.901061456025
-4857.933312113377,1312.824675524229
-3856.7983154052836,-2072.7016959372345
-2441.076517442625,-3729.0652397638587
-3856.7983154052836,-2072.7016959372345
-3856.7983154052836,-2072.7016959372345
-4594.466945034188,-391.901061456025
-4857.933312113377,1312.824675524229
-4360.615599911588,-331.495472161969
-3647.6660046281686,-1951.908917476785
-4360.615599911588,-331.495472161969
-4360.615599911588,-331.495472161969
-4616.401731477301,1312.824675524228
-4451.339105019589,2980.550649735936
-3232.896462339443,4337.888576468056
-3806.077004146219,2813.882331084874
-3232.896462339443,4337.888576468056
-3232.896462339443,4337.888576468056
-2026.6656334476124,5884.379184608066
-4012.4885973840082,2867.1958189822526
-4163.1330457018885,1312.8246755242292
-4012.4885973840082,2867.1958189822526
-4012.4885973840082,2867.1958189822526
-3417.487179500279,4444.499312457954
-2167.612364042975,6044.254694027543
-4385.056361282775,1312.8246755242255
-4136.626424613002,-273.6390454632224
-4385.056361282775,1312.8246755242255
-4385.056361282775,1312.8246755242255
-4227.3526065726255,2922.6942230371837
-3609.6368959346473,4555.479215216321
-3232.896462339443,4337.888576468056
-3806.077004146219,2813.882331084874
-3232.896462339443,4337.888576468056
-3232.896462339443,4337.888576468056
-2026.6656334476124,5884.379184608066
-3232.896462339443,4337.888576468056
-3806.077004146219,2813.882331084874
-3232.896462339443,4337.888576468056
-3232.896462339443,4337.888576468056
-2026.6656334476124,5884.379184608066
-3856.7983154052836,-2072.7016959372345
-2441.076517442625,-3729.0652397638587
-3856.7983154052836,-2072.7016959372345
-3856.7983154052836,-2072.7016959372345
-4594.466945034188,-391.901061456025
-4857.933312113377,1312.824675524229
-3856.7983154052836,-2072.7016959372345
-2441.076517442625,-3729.0652397638587
-3856.7983154052836,-2072.7016959372345
-3856.7983154052836,-2072.7016959372345
-4594.466945034188,-391.901061456025
-4857.933312113377,1312.824675524229
-4360.615599911588,-331.495472161969
-3647.6660046281686,-1951.908917476785
-4360.615599911588,-331.495472161969
-4360.615599911588,-331.495472161969
-4616.401731477301,1312.824675524228
-4451.339105019589,2980.550649735936
-3232.896462339443,4337.888576468056
-3806.077004146219,2813.882331084874
-3232.896462339443,4337.888576468056
-3232.896462339443,4337.888576468056
-2026.6656334476124,5884.379184608066
-4012.4885973840082,2867.1958189822526
-4163.1330457018885,1312.8246755242292
-4012.4885973840082,2867.1958189822526
-4012.4885973840082,2867.1958189822526
-3417.487179500279,4444.499312457954
-2167.612364042975,6044.254694027543
-4385.056361282775,1312.8246755242255
-4136.626424613002,-273.6390454632224
-4385.056361282775,1312.8246755242255
-4385.056361282775,1312.8246755242255
-4227.3526065726255,2922.6942230371837
-3609.6368959346473,4555.479215216321
-3232.896462339443,4337.888576468056
-3806.077004146219,2813.882331084874
-3232.896462339443,4337.888576468056
-3232.896462339443,4337.888576468056
-2026.6656334476124,5884.379184608066
-3232.896462339443,4337.888576468056
-3806.077004146219,2813.882331084874
-3232.896462339443,4337.888576468056
-3232.896462339443,4337.888576468056
-2026.6656334476124,5884.379184608066
-3856.7983154052836,-2072.7016959372345
-2441.076517442625,-3729.0652397638587
-3856.7983154052836,-2072.7016959372345
-3856.7983154052836,-2072.7016959372345
-4594.466945034188,-391.901061456025
-4857.933312113377,1312.824675524229
-3856.7983154052836,-2072.7016959372345
-2441.076517442625,-3729.0652397638587
-3856.7983154052836,-2072.7016959372345
-3856.7983154052836,-2072.7016959372345
-4594.466945034188,-391.901061456025
-4857.933312113377,1312.824675524229
-4360.615599911588,-331.495472161969
-3647.6660046281686,-1951.908917476785
-4360.615599911588,-331.495472161969
-4360.615599911588,-331.495472161969
-4616.401731477301,1312.824675524228
-4451.339105019589,2980.550649735936
-3232.896462339443,4337.888576468056
-3806.077004146219,2813.882331084874
-3232.896462339443,4337.888576468056
-3232.896462339443,4337.888576468056
-2026.6656334476124,5884.379184608066
-4012.4885973840082,2867.1958189822526
-4163.1330457018885,1312.8246755242292
-4012.4885973840082,2867.1958189822526
-4012.4885973840082,2867.1958189822526
-3417.487179500279,4444.499312457954
-2167.612364042975,6044.254694027543
-4385.056361282775,1312.8246755242255
-4136.626424613002,-273.6390454632224
-4385.056361282775,1312.8246755242255
-4385.056361282775,1312.8246755242255
-4227.3526065726255,2922.6942230371837
-3609.6368959346473,4555.479215216321
-3232.896462339443,4337.888576468056
-3806.077004146219,2813.882331084874
-3232.896462339443,4337.888576468056
-3232.896462339443,4337.888576468056
-2026.6656334476124,5884.379184608066
